Country,1992,1993,1994,1995,1996,1997,1998,1999,2000,2001,2002,2003,2004,2005,2006,2007,2008,2009,2010,2011,2012,2013,2014,2015,2016,2017,2018,2019,2020,2021
        Algeria,17.199,18.267,18.703,18.09,19.124,19.739,21.448,23.282,23.88952,25.03064,25.99154,27.80964,29.38706,31.9074,33.12352,34.9758,37.83582,36.206,42.9985,48.17578,53.9845,56.3134,60.39972,64.68244,66.75504,71.49546,72.10903,76.685,72.73591277,77.53072719
        Angola,1.283,1.332,1.342,1.347,1.377,1.331,1.52,1.3,1.40402,1.59074,1.71668,1.93776,2.18608,2.72998,3.24054,3.1488,4.06368,4.60554,5.31724,5.52336,6.03408,7.97606,9.21666,9.30914,10.203511,10.67604,12.83194,15.4,16.6,16.429392
        Benin,0.023,0.024,0.048,0.029,0.0487,0.0517,0.0597,0.0677,0.07908,0.06216,0.05934,0.07532,0.0762,0.10064,0.142,0.20498,0.21344,0.12038,0.10816,0.09594,0.04612,0.08848,0.22666,0.31056,0.26004,0.3115,0.19028,0.2017,0.22608,0.24109728
        Botswana,1.088,1.027,1.044,1.047,0.759,0.87,1.026,1.043,0.89018,0.9494,0.84224,0.68056,0.73978,0.81498,0.746,0.578,0.552,0.417,0.50008,0.44932,0.33,0.86868,2.17628,2.79104,2.52984,2.8438,2.97076,3.0469,2.05144,2.18234816
        Burkina Faso,0.19,0.205,0.206,0.232,0.263,0.282,0.312,0.348,0.318,0.327,0.36492,0.444662,0.472234,0.489468,0.519525,0.58152,0.589033,0.664416,0.6343,0.69348,0.86834,0.98268,1.11808,1.43986,1.5509,1.64602,1.6464,1.72552,1.647133174,1.761209666
        Burundi,0.106,0.11,0.116,0.119,0.118,0.121,0.111,0.099,0.1,0.116,0.128,0.102,0.092,0.097,0.094,0.118,0.113,0.122,0.1489,0.147,0.15,0.174,0.187,0.18,0.184,0.279,0.268878,0.355946,0.350520748,0.357991644
        Cabo Verde,0.057,0.066,0.075,0.078,0.083,0.088,0.096,0.11,0.138,0.155,0.171,0.187,0.206,0.222,0.236,0.253,0.27,0.281,0.325,0.346,0.359,0.385,0.408,0.401,0.423,0.459234,0.459059,0.463,0.433796156,0.45688711
        Cameroon,2.695,2.699,2.738,2.811,2.928,3.095,3.134,3.34,3.44372,3.50198,3.26092,3.63964,4.0596,3.95208,4.38974,5.0498,5.47968,5.57024,5.7036,5.73125,5.3116,6.15693,6.66283,7.69155,6.92157,7.8328,8.28183,8.35484,8.297891475,8.045474929
        Central African Republic,0.094,0.095,0.099,0.1,0.102,0.104,0.102,0.103,0.105,0.106,0.106,0.107,0.149,0.159,0.166,0.16,0.16,0.159,0.1591,0.1713,0.1744,0.1384,0.1694,0.1694,0.1704,0.1514,0.151,0.15094,0.151,0.151064
        Chad,0.079,0.081,0.08,0.084,0.085,0.085,0.086,0.086,0.086,0.094,0.101,0.108,0.115,0.121,0.122,0.121,0.141,0.172,0.188,0.19082,0.2299,0.26196,0.27794,0.2819,0.29466,0.29936,0.30664,0.30946,0.294781188,0.312431184
        Comoros,0.015,0.015,0.015,0.015,0.016,0.016,0.017,0.017,0.019,0.028,0.031,0.033,0.042,0.045,0.048,0.044,0.043,0.041,0.045,0.059,0.058,0.055,0.051,0.052,0.057,0.0864,0.092896,0.102296,0.13,0.13832
        Congo-Brazzaville,0.424,0.358,0.322,0.35,0.453,0.448,0.341,0.252,0.29294,0.331,0.392,0.39258,0.38998,0.42432,0.44414,0.39968,0.484,0.52346,0.7597,1.25498,1.64732,1.65502,1.68302,2.65874,2.8325,2.84734,2.975348,3.655103,3.83288,4.02026152
        Congo-Kinshasa,6.011,5.489,5.258,6.114,6.047,4.992,4.68,5.266,5.94182,5.9187,6.05652,6.10458,7.01452,7.32558,7.4638,7.77584,7.45124,7.7549,7.82184,7.81572,7.51856,8.15646,8.74334,8.83928,9.027,9.422095,10.473865,11.080814,11.952925,11.03964133
        Cote d'Ivoire,1.666,2.123,2.397,2.962,3.127,3.847,3.831,4.627,4.59984,4.6819,5.0631,4.8737,5.1714,5.31188,5.28622,5.27506,5.43616,5.5585,5.62532,5.76334,6.62434,7.20944,7.82182,8.16076,8.94471,10.07241,9.55322,10.02532,10.5748,10.9822272
        Djibouti,0.169,0.171,0.171,0.173,0.174,0.176,0.176,0.176,0.18,0.179,0.188,0.188,0.202,0.24,0.263,0.304,0.319,0.328,0.356,0.364,0.3675,0.4075,0.0945,0.167632,0.083032,0.055678,0.05552,0.0574,0.054549745,0.058196929
        Egypt,43.4961,47.7521,50.0701,52.6912,51.7652,55.5322,59.8092,65.1742,74.46166,79.36634,84.81358,90.47044,96.21028,103.16056,109.49924,118.78692,124.2952,131.68096,160.289,157.084,164.398,168.232,175.302,186.317,189.575,196.849384,199.62301,194.609,189.288301,202.2553182
        Equatorial Guinea,0.018,0.018,0.018,0.019,0.019,0.02,0.021,0.021,0.09484,0.06476,0.11552,0.1268,0.17004,0.2067,0.26592,0.32796,0.45714,0.51448,0.57602,0.65028,0.745,0.957,1.085,1.299,1.398,1.333667,1.354595,1.40149,1.40835,1.41812456
        Eritrea,--,--,0.151,0.162,0.181,0.1784,0.184962,0.201,0.19746,0.21908,0.24352,0.26044,0.26608,0.27078,0.25298,0.27084,0.2719,0.27942,0.29446,0.3058,0.31614,0.32372,0.3303,0.33788,0.34446,0.4122,0.4303,0.44446,0.424655551,0.452873507
        Eswatini,0.404,0.404,0.404,0.41,0.41,0.41,0.408,0.41,0.618,0.629,0.649,0.565,0.536,0.596,0.612,0.634,0.6,0.628,0.6369,0.71521,0.739,0.806,0.653,0.551,0.554,0.671953,0.753253,0.714285,0.740284071,0.744794979
        Ethiopia,1.221,1.435,1.433,1.453,1.536,1.595,1.634,1.627,1.70062,2.03496,2.06774,2.32004,2.56192,2.86928,3.2904,3.54728,3.76508,3.97976,4.98954,6.31658,7.56528,8.66062,9.47192,10.38586,12.46986,13.13605,13.78592,14.2241,14.23484732,14.67815115
        Gabon,1.027,1.067,1.071,1.181,1.185,1.241,1.275,1.291,1.2767,1.34506,1.4286,1.46482,1.48414,1.513,1.609,1.68,1.778,1.801,1.86486,1.96148,2.07936,2.02282,1.91848,2.04618,2.24568,2.18761,2.16929,2.259598,2.195922097,2.286328839
        Gambia,0.067,0.069,0.069,0.07,0.071,0.075,0.082,0.091,0.1105,0.127,0.142,0.158,0.174,0.192,0.204,0.217,0.229,0.2301,0.2333,0.2446,0.2541,0.2481,0.2671,0.2821,0.2981,0.3061,0.3131,0.3048353,0.289586675,0.307921822
        Ghana,6.575,6.249,6.059,6.054,6.585,6.816,4.725,5.828,7.13422,7.73294,7.10748,5.7259,5.87838,6.67646,8.2144,6.75594,8.14932,8.78,9.92274,10.92166,11.72182,12.5269,12.63308,11.17828,11.39404,12.83426,14.37678,16.6991,20.1902,20.9306928
        Guinea,0.502,0.507,0.509,0.522,0.527,0.62,0.643,0.725,0.743,0.933,0.984,0.865,0.942,0.881,0.843,0.942,0.967,0.9629,0.9199,0.8499,0.7069,0.644,0.696,1.1396,1.61654,1.773953,1.494324,2.061,3.203097677,2.778671928
        Guinea-Bissau,0.041,0.044,0.046,0.047,0.048,0.05,0.05,0.051,0.03,0.03,0.02,0.02,0.03,0.03,0.03,0.03,0.03,0.03,0.03,0.031,0.032,0.033,0.0333,0.059076,0.07952,0.07991,0.08168,0.082458,0.082458,0.082458
        Kenya,3.392,3.578492,3.616,4.035,4.218,4.414,4.535,4.314,4.05356,4.59252,4.75162,5.09798,5.45342,5.8623,6.32428,6.5196,6.40744,6.56226,7.22478,7.57486,8.0844,8.67744,8.36198,9.869,9.689,10.713,11.2364,11.4773,11.75,11.83251388
        Lesotho,0,0,0,0,0,0,0,0.195,0.288,0.285,0.314,0.325,0.297,0.459,0.525,0.554,0.584,0.648,0.694,0.49,0.486,0.515,0.521,0.53319,0.523028,0.539674,0.539674,0.501,0.501,0.50122
        Liberia,0.282,0.28,0.28,0.28,0.28,0.294,0.3,0.2,0.2,0.2,0.2,0.2,0.2,0.2,0.2,0.25,0.25,0.25,0.25,0.28,0.28,0.282,0.282,0.291,0.376,0.376,0.322,0.318,0.897,0.920232
        Libya,15.933,15.98,16.732,16.92,17.202,17.836,12.716,13.522,14.56624,15.14434,16.47914,17.80642,18.98988,21.312,23.269,24.66,28.878,29.182,30.60488,24.43942,32.21892,35.6387,35.46762,35.26082,29.53528,31.28556,32.12122,31.69634,30.09492439,32.02048755
        Madagascar,0.58,0.581,0.584,0.609,0.664,0.695,0.75,0.777,0.78,0.886,0.866,0.99,1.1,1.111,1.134,1.184,1.232,1.235,1.32945,1.34829,1.70134,1.85574,1.96983,2.05227,2.02413,2.21108,2.27079,2.020047,1.976233,2.093128464
        Malawi,0.783,0.953,1,1.018,1.017,1.045,1.184,1.157,1.241,1.269,1.332,1.351,1.489,1.52,1.554,1.585,1.73,1.714,1.951,2.009,2.086,2.094259,2.2037,2.204601,2.192726,2.086975,1.635474,1.696378,1.71,1.424462345
        Mali,0.271,0.292,0.275,0.305,0.326,0.379,0.387,0.392,0.399,0.402,0.404,0.434,0.45,0.782,0.837,0.823,1,1.123,1.70892,1.89117,2.2509,2.27745,2.35022,2.31755,2.77098,3.29292,3.53727,3.31598,3.199162239,3.388220623
        Mauritania,0.139,0.139,0.143,0.16,0.175,0.189,0.195,0.203,0.229658,0.278,0.501,0.475,0.518,0.499,0.453,0.478,0.547,0.58,0.632,0.83,0.911,0.939,0.983,1.1363,1.21826,1.52088,1.69008,1.818,1.775118844,1.875855218
        Mauritius,0.875,0.934,0.974,1.06,0.925,1.073,1.115,1.349,1.681222,1.800656,1.841246,1.971006,2.049926,2.145066,2.214026,2.32117,2.43815,2.45839,2.5659,2.59926,2.65092,2.74942,2.79634,2.85704,2.89832,2.97018,2.98177,3.0869,2.7363,2.885610665
        Morocco,9.184,9.338,10.349,12.066,12.364,13.162,13.393,13.113,12.13114,14.19886,15.16242,16.4867,17.49562,18.72854,19.14016,19.22538,19.50828,19.9071,23.5821,24.9381,27.318,26.7,27.615414,29.499414,30.349,31.4378,34.136028,39.860361,38.217589,41.150914
        Mozambique,0.408,0.386,0.389,0.402,0.47,0.993,1.512,7.629,9.60436,11.77836,12.61472,10.83478,11.63224,13.19574,14.6298,15.95522,15.02422,16.83722,16.55286,16.7288,15.08184,14.79246,17.5806,19.69688,18.53324,16.7942,16.83459,18.717719,19.34346088,19.90774462
        Namibia,0,0,0,1.155,0.882,0.634,1.007,1.195,1.398,1.36164,1.44694,1.51016,1.58694,1.67202,1.679,1.593,1.643,1.472,1.29752,1.42344,1.63984,1.33746,1.51222,1.55896,1.46128,1.74404,1.4083,1.36136,1.957,1.56716
        Niger,0.153,0.149,0.138,0.139,0.143,0.14,0.136,0.142,0.178,0.156,0.172,0.18,0.189,0.219,0.206,0.209,0.212,0.239,0.2726,0.32148,0.38206,0.42066,0.42266,0.50638,0.50274,0.53388,0.53762,0.60342,0.4265,0.450852
        Nigeria,14.247,13.913,14.877,13.889,14.367,14.697,14.73,15.432,14.144,14.844,20.676,19.358,23.237,22.528,22.049,21.92394,20.14266,18.83012,24.88718,25.72094,27.30318,27.45858,30.6099,30.80597,32.00501,32.78739,31.85828,31.647071,29.73432393,31.45787819
        Reunion,1.05,1.062,1.074,1.152,1.215,1.41,1.499,1.503,1.941,2.098,2.076,2.165,2.389,2.499,2.534,2.586,2.688,2.779,2.85,2.893,ie,ie,ie,ie,ie,ie,ie,ie,ie,ie
        Rwanda,0.174,0.157,0.16,0.162,0.144,0.164,0.164,0.131,0.114,0.09125,0.0996875,0.12,0.092,0.113,0.161,0.1592,0.1842,0.2402,0.27482,0.31738,0.3354,0.37748,0.4752,0.5823,0.67266,0.76726,0.860882,1.011711,0.910912,0.8546512
        Saint Helena,0.005,0.005,0.006,0.006,0.006,0.006,0.006,0.005,0.005,0.005,0.005,0.007,0.008,0.008,0.008,0.008,0.008,0.008,0.008,0.008,0.009,0.009,0.00837916,0.00767604,0.00789224,0.0080793,0.00731038,0.00849666,0.008393,0.008930152
        Sao Tome and Principe,0.015,0.015,0.018,0.019,0.02,0.021,0.022,0.026,0.028,0.024,0.03,0.031,0.035,0.039,0.04,0.043,0.045,0.049,0.054,0.056,0.061,0.067,0.072,0.078,0.082,0.085,0.087,0.0899,0.0951,0.1005464
        Senegal,1.004,0.993,1.025,1.071,1.133,1.216,1.279,1.317,1.44,1.689,1.794,1.904,1.995,2.275,2.281,2.46748,2.587,2.65786,2.81858,2.86534,3.16248,3.30144,3.63756,3.88164,4.17114,4.47188,4.66082,5.17598,5.233902475,5.615708528
        Seychelles,0.103,0.11,0.118,0.121,0.125,0.139,0.149,0.162,0.178,0.18,0.205,0.21,0.212,0.217,0.237,0.255,0.253,0.259,0.283,0.377,0.39,0.409,0.41925,0.435572,0.46631,0.483102,0.48858,0.535894,0.5962,0.6431768
        Sierra Leone,0.216,0.219,0.223,0.09,0.135,0.09,0.103,0.068,0.089,0.131,0.148,0.135,0.112,0.078,0.039,0.057,0.058,0.06,0.163,0.172,0.173,0.16,0.181844,0.196022,0.209584,0.218866,0.254672,0.207708,0.20681017,0.207889733
        Somalia,0.249,0.252,0.255,0.256,0.259,0.259,0.26,0.261,0.235,0.245,0.258,0.263,0.263,0.273,0.282,0.292,0.301,0.305,0.307,0.31,0.324,0.334,0.3341,0.3352,0.342,0.3472,0.3472,0.3462,0.3802,0.40788
        South Africa,157.079,163.268,170.705,176.051,186.188,195.063,191.041,188.49,195.82886,196.28928,203.2381,217.20568,227.5277,227.92804,235.4471,245.56207,239.68607,230.64077,241.98442,243.45328,239.86604,237.53878,235.54795,230.81604,234.47229,236.33738,235.64056,232.99074,220.12096,221.4995447
        Sudan,1.59,1.639,1.803,1.8,1.993,2.073,2.033,2.338,2.574,2.843,3.092,3.341,3.454,3.803,4.458,4.9408,5.39742,6.415,7.49518,8.39572,9.32998,10.23186,11.26822,12.81638,14.10332,15.2273,15.90455,16.31026,16.47127864,16.59542448
        Tanzania,1.79,1.847,1.676,1.808,1.959,1.66,2.407,2.346,2.439,2.718,2.82,2.627,2.838,3.43,3.312,4.058,4.256,4.657,5.15612,5.01124,5.4772,5.77572,6.08866,6.5569,6.97612,7.01072,7.22022,7.59084,8.005382814,8.168690514
        Togo,0.212,0.315,0.242,0.344,0.283,0.19,0.284,0.282,0.17,0.119,0.147,0.172,0.179,0.181,0.209,0.17936,0.1182,0.138,0.16938,0.12158,0.10468,0.09299,0.20252,0.37334,0.43244,0.7703,0.56982,0.70056,0.588150458,0.625065047
        Tunisia,5.812,5.937,6.314,6.872,7.457,8.004,8.563,9.405,9.964,10.714,11.135,11.676,12.293,12.976,13.281,12.92112,13.50536,14.34644,14.95458,15.33848,16.79978,17.0767,17.8685,18.35076,18.48988,19.17152,19.5234,20.53774,19.57393591,20.92347402
        Uganda,0.9823,0.9672,1.0065,1.0449,1.1176,1.251,1.266,1.264,1.587,1.583,1.712,1.8,1.937,1.953,1.5705572,1.964,2.314,2.399,2.68961,2.61412,1.9574,2.59183,2.80655,2.86793,3.77268,3.91354,4.31537,4.31865,4.44987172,4.40101286
        Western Sahara,0.08,0.08,0.08,0.082,0.082,0.082,0.082,0.08,0.08,0.08,0.085,0.085,0.085,0.085,0.09,0.09,0.09,0.09,0,0,0,0,0,0,0,0,0,0,0,0
        Zambia,7.72,7.721,7.714,7.842,7.091,7.859,7.524,7.684,7.757,7.9,8.107,8.261,8.458,8.886,9.666,9.6042,9.4912,9.862,10.409304,11.447532,12.31092,13.231964,14.358504,13.359864,11.620963,14.434903,16.131655,14.660972,15.105044,17.714251
        Zimbabwe,8.188,7.359,7.171,7.429,6.991,6.966,6.304,6.813,6.738,7.582,8.263,8.539,9.411,9.035,7.68,7.35,7.387,7.112,8.44068,8.92854,8.92948,9.2557,9.70712,9.38778,6.82494,7.34946,9.187,8.230839,7.594009611,8.030893985
        Armenia,8.615,6.131,5.494,5.038,5.835,5.656,5.822,5.561,5.61848,5.5676,5.21526,5.21174,5.90414,5.97832,5.61744,5.584465,5.46643,5.37776,6.17572,7.0706,7.62206,7.30562,7.33366,7.39094,6.95114,7.36168,7.38726,7.30447,7.44504,7.32438676
        Azerbaijan,18.58,18.074,16.609,16.1,16.14,15.912,17.015,17.162,17.6541,17.89592,18.47162,20.13104,20.48172,20.09546,22.32042,20.65402,20.45634,17.85152,17.76022,19.20992,21.69998,22.03526,23.32006,23.30046,23.56828,22.96136,23.82038,24.60663,24.37144,26.299773
        Belarus,35.34,31.368,29.514,23.424,22.305,24.495,21.991,24.829,24.53656,23.56102,24.86938,25.03106,29.33944,29.1073,29.84608,29.8717,32.90438,28.48172,32.79164,30.25188,28.92924,29.60146,32.63418,32.0097,31.5473,32.45526,36.65996,37.6835,36.2109,43.86748389
        Georgia,11.144,9.465,8.669,6.646,7.081,7.047,7.903,7.886,7.27116,6.7983,7.1596,7.05696,6.8115,7.14314,7.11568,8.17316,8.30354,8.41524,9.98458,9.97676,9.47468,9.86872,10.16584,10.60526,11.34684,11.30502,11.9221,11.59728,11.16,12.645
        Kazakhstan,78.557,73.56,63.243,63.176,55.953,49.49,46.604,44.956,48.62142,53.84944,55.28588,60.46554,63.33072,64.16854,67.74666,72.41138,75.88098,74.33214,78.08956,81.78582,87.63838,97.31006,90.01284,86.69606,89.61752,97.599,101.830574,102.471039,98.54476087,104.4782558
        Kyrgyzstan,11.725,11.051,12.743,12.164,13.545,12.426,11.416,12.975,15.708,14.66164,12.84006,15.3174,16.03792,14.637,14.275,14.577,11.588,10.929,11.92948,14.95586,14.96666,13.85516,14.36256,12.8032,13.04092,15.29334,15.3094,14.84014,16.174,14.461936
        Moldova,10.586,9.668,7.748,5.72,5.773,4.976,4.617,4.167,5.307,5.636,5.764,5.952,5.799,5.972,6.08,5.883,6.018,6.194,6.111,5.782,5.799,4.508,5.378,6.049,5.852,4.962,5.38824,5.69599,6.181,6.6568
        Russia,965.246,914.255,807.727,815.158,804.127,793.875,786.491,798.773,832.944,842.446,846.084,868.008,885.454,901.02176,941.65068,960.14694,984.17081,939.5156,982.56224,998.47541,1013.95248,1003.59126,1007.4473,1010.03494,1033.16006,1036.282948,1046.83945,1062.86856,1044.284104,1109.689916
        Tajikistan,16.609,17.533,16.798,14.612,14.842,13.85,14.265,15.621,13.983,14.229,15.142,16.336,16.319,16.92,16.768,17.323,16.989,15.958,16.2689,16.07372,16.80056,16.94136,15.9904,16.98228,17.03,17.88414,19.47718,20.58658,19.7338,19.72368
        Turkmenistan,12.392,11.879,9.866,9.212,9.495,8.928,8.852,8.329,9.255,9.974,10.058,10.152,11.205,12.051,12.831,13.98738,14.13778,15.024,15.6634,16.1898,16.688,17.7408,19.179,21.18496,21.18496,21.185114,21.185154,21.185154,20.11469132,21.40182971
        Ukraine,238.232,217.14,191.715,183.293,173.367,168.342,163.094,161.879,159.885,163.038,163.645,169.977,172.535,175.293,182.323,185.065861,181.58,163.765,178.2679,183.83,187.01548,182.33684,171.37686,152.4034,153.58546,145.66706,150.20788,143.83374,145.02182,150.0395
        Uzbekistan,48.17,46.568,45.289,44.907,43.02,43.579,43.433,42.866,44.323,44.949,46.661,46.817,47.404,46.974,43.907,44.607,40.2006,44.6008,49.26602,49.92094,50.1503,51.627216,52.722766,54.551956,56.004223,58.06589,59.424857,60.11528,55.94145423,59.20353494
        Albania,3.31,3.441,3.858,4.359,5.857,5.125,5.01,5.337,4.68336,3.64778,3.64056,5.21758,5.5426,5.3848,5.03842,2.82768,3.8311,5.20187,7.49277,4.14694,4.67865,6.89041,4.67776,5.83705,7.70618,4.48075,8.46748,5.17594,5.313,8.962943
        Austria,49.492,50.088,50.71,53.733,52.019,54.272,54.62,57.615,57.92042,58.93718,58.4038,55.50484,59.30708,61.30282,59.45448,60.17314,61.97422,63.583,63.937654,58.36573,64.742413,60.802337,57.646226,58.069497,61.732328,63.467831,61.2203869,68.8018868,67.7389039,64.2269678
        Belgium,67.377,66.105,67.275,69.309,70.833,73.42695,77.33711,78.572,77.99376,74.06752,76.282,78.76056,79.49996,80.61608,79.3191,82.41244,78.76178,84.84878,91.002351,86.160664,79.344337,79.545951,69.431713,66.970488,82.053225,82.77065,71.8065043,89.9204609,85.690887,94.8636857
        Bosnia and Herzegovina,6.304,3.245,4.162,4.32,7.157,8.471,9.282,10.191,10.0579,10.25858,10.40098,10.8151,12.26306,12.14576,12.80288,11.27702,14.17664,15.04026,16.49812,14.58342,13.44898,16.7691,15.4965,14.97832,16.98653,15.38966,18.20808,16.65445,15.69252,17.36192136
        Bulgaria,33.704,35.952,36.0665,39.569,41.067,39.854,39.253,35.912,38.3182,40.65336,40.75548,39.52822,38.79962,41.2454,42.68836,40.251732,41.72358,39.63248,43.10972,46.73622,43.6861,40.46622,44.3295,44.079049,40.217008,40.431095,41.5053836,38.7389512,35.6656192,41.5291854
        Croatia,8.578,9.015,8.026,8.594,10.277,9.353,10.505,11.833,10.22004,11.65016,11.68252,12.02396,12.6961,11.88718,11.81644,11.50088,11.69966,12.23508,14.32912,10.7817,10.15614,13.53568,13.08606,10.742444,12.052593,11.293476,13.125812,12.2922931,12.7997589,14.6034781
        Cyprus,2.26,2.426,2.52,2.325,2.4365,2.548,2.777,2.951,3.168,3.338,3.558,3.809,3.948,4.114,4.373,4.579,4.775,4.856,5.00806,4.64494,4.4494,4.05522,4.10502,4.316208,4.670173,4.781059,4.8302456,4.916683,4.6534741,4.8776793
        Czechia,--,55.52935,55.38585,57.48185,60.163,61.16639,61.38,60.394,68.611,69.92992,71.66256,78.0634,78.9831,76.96922,78.5972,82.55662,78.30462,76.93744,77.694447,79.244128,79.668827,78.990421,78.254983,75.785457,75.324978,78.886881,79.9821752,79.1107549,73.9507328,76.6408673
        Denmark,28.98,32.039,37.903,34.589,50.509,41.852,38.89373,36.856,34.22084,35.83744,37.36228,43.9208,38.60988,34.70892,43.47584,37.62304,35.076,34.851,37.913516,34.616036,30.258867,34.152282,31.85753,28.974012,30.197344,30.919752,30.4186372,29.8828185,28.9196916,32.7931727
        Estonia,11.121,8.571,8.602,8.172,8.557,8.666,8.011,7.773,8.00054,7.9855,8.09144,9.60974,9.68936,9.59936,9.15588,11.4673,9.95796,8.28482,11.804113,11.743832,10.652741,11.959914,11.180938,9.301154,10.641563,11.501345,11.1889412,6.8665502,5.9161313,6.653181
        Faroe Islands,0.191,0.173423,0.168605,0.16757,0.17462,0.175673,0.183441,0.192787,0.204017,0.221173,0.230724,0.238492,0.239156,0.235753,0.249856,0.25942,0.264851,0.264517,0.268143,0.264,0.28,0.28,0.297,0.306,0.306,0.324,0.3398,0.371,0.4064,0.4223616
        Finland,55.507,58.645,62.865,61.299,66.3682,65.52758,67.473,66.683,67.0747,71.23686,71.53498,80.30388,82.06266,67.86486,78.8327,77.9372,74.3593,69.14244,77.72505,70.963659,68.234809,69.05982,66.168692,66.888647,67.011713,65.811381,68.5524094,67.0671163,67.5709779,69.6532502
        France,437.9738,447.371,452.95,467.8295,483.443,476.755,482.398,494.518,509.63366,519.4517,526.14238,533.6022,540.59828,544.67706,542.97918,538.14118,544.0015,507.40836,539.912655,543.204119,543.056111,552.39671,542.444671,550.247779,536.004261,532.963003,552.9287295,543.7815506,506.0036239,530.4178475
        Germany,503.627,493.139,495.603,502.972,520.14,517.17443,522.214,519.283,540.11648,549.6969,549.97644,572.726,579.7422,577.6862,594.1134,598.5474,600.122,558.121,592.76104,575.676356,591.388791,601.497317,592.096504,611.510695,616.083534,620.117876,607.5568443,577.612099,545.3611372,557.1440648
        Gibraltar,0.083,0.083,0.083,0.083,0.085,0.087,0.092,0.096,0.1175,0.11844,0.12126,0.12596,0.12784,0.1363,0.14194,0.1457,0.15604,0.16356,0.16638,0.16074,0.16544,0.17766,0.18612,0.21056,0.20116,0.20022,0.2021,0.20586,0.19545657,0.207965791
        Greece,35.031,35.861,37.991,38.897,40.026,40.80618,43.546,46.581,50.26192,49.78354,50.6184,54.50368,55.37564,55.95374,56.7105,58.86248,59.09142,57.7506,53.498057,53.668572,53.654754,52.614029,46.636551,47.867296,50.431187,50.513953,50.0798786,45.5072992,42.5123637,52.4739582
        Hungary,30.026,31.163306,31.743,32.226733,33.22876,33.52012,35.21641,35.724,33.23722,34.38844,34.14072,32.22422,31.86014,33.7422,33.65762,37.74876,37.70684,33.7298,34.960717,33.810596,32.587303,28.273384,27.436954,28.442948,29.89166,31.00248,30.1610501,32.463938,33.177421,34.1914781
        Iceland,4.503,4.682,4.735,4.933,5.0747,5.53369,6.225,7.128,7.6197,7.96676,8.34564,8.42864,8.55176,8.6157,9.85676,11.89288,16.34288,16.71088,16.746003,16.850998,17.295999,17.999998,17.803,18.558001,18.171608,18.846295,19.4324979,19.119793,18.778694,19.2629881
        Ireland,14.778,15.13,15.77,16.496,17.711,18.43922,19.567,20.396,22.17072,23.0527,23.24434,23.23862,23.58174,24.00882,25.42254,26.142,28.127,26.296,27.165581,26.372895,26.202849,24.618802,24.904899,27.189981,29.259077,29.879721,29.9323625,29.8700272,30.9904099,33.5958721
        Italy,211.296,207.754,216.413,223.763,225.575,232.36697,238.669,243.915,253.21828,255.25074,259.79924,264.89276,277.3016,278.1547,288.70848,289.4176,295.01606,272.7457,288.117063,291.006684,287.426111,278.836768,269.699149,273.399218,279.976334,285.629453,280.369202,263.7055922,272.4289509,274.1786604
        Latvia,3.733,3.832,4.339,3.887,3.029,4.379,4.382,4.001,4.02922,4.16554,3.8596,3.85378,4.56842,4.78348,4.7377,4.62742,5.11928,5.41322,6.080051,5.582804,5.770285,5.852735,4.813333,5.184397,6.033633,7.17202,6.317738,6.052739,5.5190101,5.5384285
        Lithuania,17.645,13.949,9.162,12.157,14.648,12.912,16.104,12.254,10.34674,13.42376,16.13264,17.4843,17.44288,13.069113,10.84036,12.1015,11.959,13.09984,4.113736,3.46206,3.807551,3.543759,3.064047,3.607144,3.16264,3.109055,2.5445654,2.9224943,4.1760986,3.7041126
        Luxembourg,0.389,0.433,0.318,0.144,0.107,0.064,0.062,0.093,0.1321,0.56193,2.35157,2.3188,2.88582,2.83858,2.99818,2.7053,2.21288,2.64042,2.715026,2.24385,2.333717,1.459888,1.505688,0.861374,0.306917,0.462601,0.5452682,0.7711928,0.8836639,0.9208151
        Malta,1.401,1.41,1.449,1.534,1.559,1.585,1.618,1.743,1.80198,1.82642,1.92888,2.10184,2.08304,2.1056,2.12534,2.15824,2.17328,2.03892,1.98822,2.04886,2.16092,2.11904,2.1148,1.241942,0.807333,1.603623,1.9119268,2.0016997,2.0818584,2.1116277
        Montenegro,--,--,--,--,--,--,--,--,--,--,--,--,--,--,2.86288,2.0794,2.73566,2.69766,3.91868,2.55688,2.74798,3.83454,3.07274,2.90128,3.04912,2.39528,3.304143,2.978541,2.806037,3.298510285
        Netherlands,72.592,72.388653,75.002,76.11,79.993,80.43608,84.685,80.642,84.31044,88.12854,90.32342,91.17422,96.5419,94.50572,92.93152,99.27836,101.72108,107.35418,116.502576,111.041441,101.080639,99.284698,100.436711,107.602149,111.549436,113.716349,112.2703969,119.0127664,118.4576141,117.439938
        North Macedonia,5.721,4.896,5.491,5.804,6.286,6.374,6.679,6.521,6.46054,6.01184,5.76296,6.40216,6.3409,6.60282,6.67146,6.15872,5.97474,6.48152,6.94626,6.4255,5.93892,5.80794,5.11708,5.279922,5.29601,5.243679,5.2859148,5.5017894,5.0426645,5.2351137
        Norway,115.77685,118.335,110.608,120.603,103.516,108.625,114.879,120.87,140.80948,119.70842,128.56782,105.2534,108.66352,135.3932,119.72378,134.10084,139.21964,129.06828,122.150138,125.262082,145.660999,132.633003,140.242,142.176,147.491,147.570003,145.1080429,131.9557672,153.9079342,157.5030781
        Poland,122.583,123.521,124.925,128.481,132.45722,132.447,132.249,130.904,133.61234,134.23304,133.03392,140.19562,142.7233,145.393158,150.719265,149.063852,145.509356,142.279486,143.35879,149.03546,143.015423,148.036692,142.273714,148.742268,151.980086,154.781107,155.1287839,149.1705333,144.4291258,166.5566896
        Portugal,27.983,29.544,30.03,31.597,33.118,32.78295,37.267,40.67,41.27818,44.07368,43.21964,44.4976,42.6633,43.70262,46.27512,44.78848,43.42942,47.34142,52.718559,50.850621,44.325043,49.418816,50.858783,49.94755,57.805044,55.910271,57.0441476,50.6540545,50.7827283,47.4692647
        Romania,51.532,52.79,52.481,56.548,58.063,54.649215,51.142,48.506,49.653,51.298,52.179,52.42,53.987,56.743,59.733,58.604542,61.702,54.747,57.67424,58.81578,55.72708,55.75262,62.36612,60.795554,59.783488,58.978383,59.6587406,54.857559,51.6490981,55.0189628
        Serbia,--,--,--,--,--,--,--,--,--,--,--,--,--,--,34.603,34.56922,34.76598,35.68332,35.40308,35.89158,34.22426,37.03382,31.70828,34.541154,35.589205,33.36169,33.7131023,33.5809988,34.2824072,34.8325942
        Slovakia,--,22.9295,23.3085,24.671,24.337,23.303,23.988,26.146,29.30758,30.15324,30.64922,29.39778,28.93062,29.3087,29.16634,26.101,26.90578,24.32788,24.928488,25.620182,25.856069,26.685,24.763528,24.501915,24.80742,25.390711,24.5804712,26.2454132,26.4638628,27.1942132
        Slovenia,11.573,10.945,11.748,12.007,11.973,12.349,12.855,12.487,13.05146,13.86954,13.99364,13.20332,14.62748,14.47288,14.46846,14.3853532,15.7091,15.729545,15.195545,14.845656,14.491595,14.763556,16.163572,13.846635,15.209111,15.06594,15.2205146,14.9967828,15.9986798,14.8517067
        Spain,148.172,147.425,152.877,156.873,165.187,179.752,183.533,194.466,208.74216,221.13356,226.02084,244.1845,259.36468,268.93376,279.96651,286.47399,295.63654,278.26738,287.233892,280.935997,282.383489,270.515861,264.252559,266.140544,260.499786,262.331536,261.8953206,261.8928532,251.1880323,259.4039234
        Sweden,141.432,140.774,137.814,143.626,135.6186,144.716,154.111,150.33,141.29314,156.83374,142.1832,130.91358,148.43829,154.58029,140.43141,145.26144,146.36321,133.53026,145.739156,147.241058,163.049952,149.524071,150.216634,159.282993,152.817652,160.971364,160.0995413,165.646854,159.2237017,165.2669798
        Switzerland,56.439,58.854,63.546,59.932,53.878,59.77957,59.882,63.993,61.17896,66.05242,60.43898,60.2358,58.92318,53.15657,57.14783,61.44204,61.94886,61.5709,61.332369,58.472671,63.466307,64.089035,65.260366,61.478906,56.645644,55.402721,61.1032427,65.2865348,66.0905137,59.5061349
        Turkiye,64.637,71.085,75.159,82.868,91.209,99.11184,106.47971,111.135,118.99016,116.58502,123.3396,133.9289,143.97546,154.2328,167.95614,181.90008,188.2498,185.50437,216.004075,220.674352,224.951966,255.817852,219.39739,254.931454,287.460686,280.6477644,255.6252953,297.4186944,328.8368523,317.1005807
        United Kingdom,299.641,300.042,302.355,307.633,328.457,326.543,340.133,344.024,352.58662,360.2617,362.42851,372.62865,368.74138,370.65059,368.44623,367.6483,360.71519,349.01892,363.598119,350.050286,344.691533,339.34853,321.330497,328.136974,326.0448092,324.556063,320.1469013,313.5442484,303.4642607,288.6085261
        Afghanistan,0.685,0.677,0.669,0.608,0.549,0.499,0.46,0.455,0.467,0.592,0.687,0.939,0.894,0.934,0.837,0.946,0.72801,0.9381,0.9363,0.7713,0.882,1.1034,1.159,1.1832,1.2147,1.26426,1.16493,1.07269,0.80728,0.82909392
        American Samoa,0.102,0.115,0.122,0.129,0.134,0.141,0.147,0.152,0.159,0.161,0.168,0.177,0.177,0.178,0.181,0.184,0.187,0.178,0.159,0.155,0.1579,0.158,0.158,0.165,0.173,0.172,0.168,0.168,0.159762562,0.169667366
        Australia,150.7594,154.646,158.368,163.841,168.06766,173.354,185.41,191.63,197.94956,211.52182,214.62276,213.54056,222.98746,215.4893,219.830836,229.391976,229.451056,234.716996,233.590043,240.803257,233.296073,229.875825,241.555085,230.763959,245.87509,249.738884,250.2300914,249.5945858,250.6580269,246.7859061
        Bangladesh,9.021,9.305,10.008,10.412,10.823,11.18302,12.15205,13.6251,14.873,16.39906,17.60006,18.58884,23.26852,25.442,29.245,29.208,32.328,35.069,38.491931,41.661816,45.825069,50.034294,52.588271,55.59178,64.831,68.91196,73.95634,79.5085,75.71701073,80.56857266
        Bhutan,1.605,1.605,1.659,1.716,1.853,1.821,1.784,1.783,1.793,1.9211,2.178,2.504,2.33,2.621,4.475,6.496,6.892,6.929,7.256,6.976,6.746,7.532,7.15001,7.73202,7.88001,7.65127,6.89004,8.95104,8.951037979,9.001040409
        Brunei,1.324,1.454,1.563,1.848,1.996,2.263,2.353,2.288,2.39042,2.42426,2.53894,2.99954,3.06816,3.06816,3.10012,3.1913,3.21762,3.39528,3.56448,3.49962,3.69432,4.138,4.23576,3.94712,4.01386,3.9077,4.03648,4.63714,4.402896567,4.684993947
        Burma,2.892,3.267,3.459,3.894,3.79,4.261,3.939,4.413,4.90544,4.49898,4.98958,5.377,5.39294,5.80686,5.96266,6.1982,6.42994,6.81052,7.34832,9.6556,10.67104,12.16856,13.98332,15.71874,17.54162,20.46026,22.37986,23.73348,23.56005187,22.3615952
        Cambodia,0.166,0.172,0.179,0.285,0.292,0.323,0.358,0.397,0.46718,0.50852,0.68612,0.71386,0.75692,0.9097,1.10934,1.40356,1.39398,1.17142,0.9296,0.9922,1.37266,1.72742,2.9839,4.25994,5.4275,6.76582,7.96357,8.45234,8.444186041,8.694232326
        China,716.04,795.733,880.411,956.307,1005.499,1070.225,1103.697,1172.261,1280.613,1426.677,1584.671,1810.261,2103.526,2373.002,2716.712,3108.028,3297.443,3527.305,3986.89162,4465.47856,4740.27258,5171.54802,5400.11356,5584.765637,5904.640151,6389.805784,6800.815757,7152.505896,7455.467185,8151.518231
        Cook Islands,0.0151,0.0151,0.0151,0.0191,0.0191,0.0191,0.0191,0.0211,0.0241,0.0241,0.0261,0.0271,0.0271,0.0271,0.0301,0.0311,0.0321,0.0311,0.0321,0.0321,0.0301,0.0298,0.028447,0.028472,0.032679,0.038,0.047,0.046,0.038,0.04246
        Fiji,0.481,0.491,0.529,0.553,0.554,0.56002,0.556022,0.59995,0.6311,0.6741,0.7111,0.7231,0.7531,0.7871,0.8481,0.8591,0.8741,0.8611,0.8983,0.8691,0.86,0.892,0.911496,0.955385,0.958025,1.047409,1.096093,1.13913172,1.106664,1.134208817
        French Polynesia,0.302,0.308,0.32,0.335,0.337,0.343,0.34,0.347,0.389,0.472,0.522,0.572,0.612,0.603,0.629,0.659,0.687,0.701,0.6293,0.6473,0.6423,0.5933,0.578554,0.580012,0.588004,0.587088,0.584043,0.6807,0.65942292,0.690411587
        Guam,1.4318,1.579283,1.668871,1.618677,1.73498,1.745462,1.765999,1.814,1.8497605,1.85,1.633,1.684,1.775,1.793,1.789384,1.767374,1.764301,1.7551,1.7582,1.7342,1.6846,1.674,1.625618,1.65388,1.722343,1.757632,1.724962,1.768962,1.699862,1.81919124
        Hong Kong,32.813,33.793,25.138,26.241,26.735,27.208,29.532,27.728,29.451,30.486,32.255,33.378,34.904,36.141,36.297,36.612,35.7116,36.406,36.03736,36.73332,36.47282,36.75922,37.46182,35.72556,36.00876,34.84592,34.415,34.744,33.1379,35.25172134
        India,315.973,339.346877,366.118,396.074,412.682,441.169,470.765,504.536,537.652,556.822982,582.345,614.472,644.833,675.277,728.494,762.81,803.85,866.998,916.49978,1044.99438,1099.30308,1164.907617,1269.695749,1334.308704,1411.83407,1490.129117,1586.861183,1615.893536,1581.26851,1702.094
        Indonesia,48.767,52.029,57.781,56.956,64.049,73.011,74.828,80.728,88.51896,96.1244,102.5959,108.43152,113.83622,121.012,126.692,135.85402,142.4764,148.5201,161.00948,173.7327,198.04872,213.68536,224.07946,230.15088,243.41434,252.51352,268.63774,279.11268,289.742955,306.572439
        Japan,848.558,856.06,911.02,935.922,955.00903,985.076,991.287,996.945,983.184,965.017,982.598,973.485,1001.921,1011.127,1028.619,1069.041,1003.209,974.935,1079.223897,1044.066672,1043.550711,1027.427071,1027.238336,1003.029903,1002.320654,1005.866632,1008.910122,988.9822695,960.7846955,954.8569816
        Kiribati,0.007,0.007,0.007,0.007,0.007,0.01,0.01,0.012,0.013,0.011,0.013,0.016,0.019,0.0214,0.0224,0.0224,0.0215,0.0215,0.0237,0.0247,0.0248,0.0248,0.025273,0.027902,0.029837,0.029837,0.029837,0.029837,0.032037,0.0337778
        Laos,0.898,0.907,0.889,1.073,1.229,1.204,1.967,2.569,3.623,3.645,3.55,3.131,2.998,3.51,3.6,3.37,3.72,3.37,8.365,12.839,12.9264,15.361,15.131,16.03146,25.01925,30.40938,33.68986,30.54864,39.2867,39.9708168
        Macau,0.932,1.119,1.179,1.196,1.29,1.324,1.34,1.355,1.389,1.409776,1.514716,1.616048,1.8145,1.905,1.568,1.429,1.138,1.378,1.012,0.833,0.527,0.389,0.603,0.962,0.988,1.465,0.656,0.829,0.562,0.587378208
        Malaysia,27.753,32.892,37.074,43.016,48.558,54.567,57.273,61.654,65.89166,66.55544,70.05536,74.70122,77.63482,77.97114,84.76178,91.9965,92.3156,109.377,117.69276,121.98654,127.58494,131.96968,139.59782,143.6285,148.60474,156.23146,159.858,162.969,156.5689723,165.0016777
        Maldives,0.028,0.038,0.043,0.054,0.059,0.067,0.077,0.087,0.098,0.109,0.118,0.133,0.15,0.17401,0.19903,0.23203,0.26503,0.28203,0.3431,0.3652,0.393,0.4,0.511,0.568,0.614,0.62,0.632,0.638,0.616425459,0.661988689
        Mongolia,2.753,2.427,2.552,2.471,2.457,2.502,2.515,2.671,2.82,2.89238,2.98732,3.017512483,3.187012483,3.301692483,3.430472483,3.603432483,3.9053,3.9382,4.05874,4.26844,4.53158,4.72082,5.06102,5.19395,5.3418,5.520044,6.149538,6.524791,6.713967303,7.120148234
        Nauru,0.028,0.028,0.028,0.03,0.03,0.03,0.03,0.031,0.031,0.028,0.028,0.029,0.029,0.03,0.031,0.02,0.019,0.021,0.023,0.023,0.024,0.023,0.024,0.0292528,0.029516,0.0325088,0.0339,0.036216,0.039,0.041964
        Nepal,0.86,0.909,0.982,1.223,1.204,1.089,1.221,1.509,1.679,1.856,2.115,2.244,2.391,2.501,2.717,2.77246,2.79446,3.09522,3.181958,3.468026,3.529089,3.496877,3.774444,3.443135,4.220379,4.71562,4.976246,6.255972,6.31837724,6.117059839
        New Caledonia,1.118,1.118,1.222,1.575,1.415,1.45,1.515,1.546,1.569,1.644,1.661,1.669,1.594028391,1.79,1.778,1.835,1.782,1.834,2.016,2.149,2.174,2.385329,2.85122,2.754406,2.958839,3.06104,2.995238,3.134,3.1475,3.361824196
        New Zealand,32.29618629,33.74329699,34.41401024,35.6424805,35.93667727,36.37269496,36.80062528,36.84268019,38.20007449,38.34393018,39.48060674,39.52625206,41.52731751,41.52597569,42.06259388,42.42067487,42.39190846,42.17020602,43.5695019,43.26948076,43.14973659,42.35889279,42.65160463,43.33337063,42.91902029,43.31100044,43.42087883,43.81966993,43.18223618,43.41414144
        Niue,0.003,0.003,0.003,0.003,0.003,0.003,0.003,0.003,0.003,0.003,0.003,0.003,0.003,0.003,0.003,0.003,0.003,0.003,0.003,0.003,0.003,0.003,0.003,0.003,0.003,0.003,0.003,0.003,0.0035,0.003724
        North Korea,27.218,26.327,26.352,26.278,24.125,21.864,20.806,17.999,18.746,19.518,19.12158,20.32526,21.28056,22.19564,21.72164,20.89602,22.51782,20.48756,21.03556,18.73584,18.76024,17.93248,17.49186,13.42418,16.56384,14.61634,15.14644,13.42562,15.10386662,14.45026448
        Pakistan,46.241,45.118242,52.056,51.846582,52.256,57.855,59.941,62.492,63.4,68.859,72.443,77.483,81.143,89.625,94.315,90.773,87.728,92.237,94.482,94.829,98.095,104.934295,107.327952,112.316,123.652,131.574,139.8922,136.028,136.876716,150.1680188
        Papua New Guinea,1.705,1.705,1.71,1.523,1.702,1.564,2.085,1.883,2.115,2.585,2.77,3.097,3.174,3.3325,3.2545,3.3395,3.2735,3.3455,3.3875,3.5235,3.6205,3.809492,4.015492,4.157274,4.274782,4.264733,4.403388,4.442,4.642,4.859902835
        Philippines,23.121,23.799,29.309,32.22,35.248,38.162,39.875,39.86,43.66,45.208,46.525,50.674,53.646,54.188,54.5050188,57.08,58.310109,59.375691,64.7158,69.131,72.875,75.239,77.245,82.402,90.822,94.382605,99.778793,106.082859,102.474817,108.2093933
        Samoa,0.058,0.058,0.062,0.066,0.074,0.077,0.088,0.095,0.088,0.105,0.121,0.11,0.102,0.105,0.11,0.1132,0.1152,0.1172,0.1162,0.1252,0.108,0.107,0.1212,0.13023,0.141684,0.14777,0.154444,0.15913,0.17116,0.17800992
        Singapore,17.104,18.314,20.088,21.399,22.541,25.107,26.514,27.459,29.005,32.05,33.53,34.201,35.559,36.838,38.029,39.64,40.263,40.469,43.05308,43.66976,44.5225,45.65318,46.95626,47.86016,49.09866,49.71116,50.52544,51.75338,50.86812,53.477576
        Solomon Islands,0.03,0.03,0.03,0.033,0.038,0.042,0.047,0.052,0.058,0.059,0.06,0.059,0.059,0.07,0.072,0.082,0.082,0.082,0.084,0.086,0.082,0.088076,0.091476,0.094519,0.102122,0.105222,0.106895,0.10877126,0.108845,0.1153698
        South Korea,121.515,134.25742,170.76774,188.88793,210.45462,229.221237,225.012,222.087,271.99333,291.34456,310.3041,323.92378,345.72048,363.92178,379.07228,402.36624,418.99836,426.00182,476.817983,499.338217,510.170341,515.910363,522.998305,523.514435,535.102536,539.767567,561.0835364,553.2730353,550.3450845,587.3062261
        Sri Lanka,3.171,3.93,4.327,4.736,4.42,5.009,5.538,6.021,6.453,6.531,6.798,7.419,7.889,8.938,8.424,9.5059,9.613,9.606,10.44116,11.19624,11.35974,11.66456,11.97044,12.72548,13.69062,14.68434,14.95771,15.874263,15.58030726,16.35218245
        Taiwan,103.2966417,111.9438355,119.9018641,128.0474657,136.4132367,144.9796817,157.7094065,164.3089961,180.1932861,183.5849735,194.1778214,204.062084,214.3073158,222.9136601,230.8432703,238.667477,234.3654173,226.01906,243.454265,248.6656866,247.1422765,248.7627084,256.2941788,254.4164315,260.3160246,266.0783163,271.3898998,270.203504,276.0353654,286.9623345
        Thailand,53.885,59.785,67.132,75.63,83.198,83.332,82.2404,84.7873,89.529744,95.736645,101.58324,108.973055,117.094594,122.990981,129.23895,132.321357,136.37869,137.181736,150.293373,147.153702,157.149337,160.603484,162.949973,166.731813,177.770078,181.794964,182.102059,190.611836,179.244905,186.88855
        Timor-Leste,--,--,--,--,--,--,--,--,--,--,--,0.065,0.067,0.069,0.072,0.0918,0.110514,0.131701,0.13661,0.1401,0.127,0.296,0.35,0.3513,0.4146,0.4291,0.452455,0.517247,0.504594,0.536760016
        Tonga,0.025,0.025,0.027,0.028,0.032,0.034,0.035,0.033,0.03,0.037,0.038,0.042,0.044,0.045,0.046,0.048,0.05,0.051,0.049,0.048,0.05,0.051,0.05293922,0.05400408,0.05698858,0.060426,0.06669,0.068348,0.07384,0.07792576
        U.S. Pacific Islands,0.155,0.16,0.164,0.167,0.169,0.168,0.171,0.324,0.341,0.348,0.355,0.354,0.36,0.365,0.386,0.394,0.394,0.397,0.529,0.531,0.528,0.534,0.542,0.55,0.515,0.509,0.519,0.52,0.493721056,0.525319203
        Vanuatu,0.027,0.027,0.027,0.028,0.03,0.033,0.035,0.035,0.039,0.043457143,0.042,0.041,0.04,0.041,0.042,0.045,0.052,0.052,0.058,0.0591,0.0622,0.063303,0.06288958,0.06045572,0.06823496,0.06883426,0.06955036,0.06955674,0.066634231,0.071650234
        Vietnam,9.43,10.417,11.995,14.314,16.528,18.566,20.923,22.834,25.695,29.683,34.559,39.42,44.152,51.36,57.953,63.63536,70.2997,79.943,90.86712,100.1837,113.51382,116.30032,133.4492,156.69246,173.57312,189.49534,209.51284,227.14744,231.0552608,243.7683215
        Wake Island,0,0,0,0,0,0,0,0,0,0,0,0,0,0,0,0,0,0,0,0,0,0,0,0,0,0,0,0,0,0
        Bahrain,3.662,3.989,4.277,4.335,4.715,4.738,5.427,5.599,13.023,13.737,14.338,14.755,15.177,18.205,19.774,20.419,21.45,21.207,22.39456,22.87772,23.2893,24.36184,25.62607,26.78321,26.80765,27.47975,27.78149,31.445,29.85638729,31.76875608
        Iran,64.979,71.947,77.471,76.105,81.257,87.718,93.406,102.283,114.28308,122.64272,133.02204,145.20182,157.43736,168.21198,182.04154,192.65464,201.92014,208.4634,219.4684,226.0563,239.24788,261.63567,273.722,280.778,288.232,306.670759,308.045472,321.565607,324.847449,340.8830609
        Iraq,23.817,24.752,26.348,27.288,27.464,27.816,28.566,27.971,30.01666,30.34702,31.85724,26.66158,30.38188,28.876,32.09842,31.52958,34.80197,43.03193,46.21088,50.83864,43.47644,55.2001,63.90578,64.75148,75.45346,82.2889,83.107832,89.186551,91.742938,97.25926481
        Israel,23.207,24.446,26.625,28.566,30.519,32.994,35.688,36.865,40.1032,41.31514,42.77192,44.22112,44.4446,45.68822,47.52602,50.56592,53.377,54.74,58.559,59.599,63.011,61.321,60.857,64.234,67.0304,67.608281,68.887113,71.715519,71.607039,73.081029
        Jordan,4.159,4.478,4.772,5.281,5.697,5.889,6.341,6.657,6.93502,7.09412,7.64674,7.51736,8.4317,9.07766,10.4554,12.22338,13.01116,13.41882,13.89376,13.77114,15.60344,16.22806,17.17288,17.92926,18.53982,19.57296,19.25354,19.4158,20.0343,21.86231465
        Kuwait,15.779,18.967,21.43,22.302,23.947,25.121,28.185,29.681,30.38362,32.24106,34.18028,37.41388,38.78064,41.10996,44.75058,45.82782,48.64406,50.02304,53.65708,54.03966,57.45186,57.32552,61.23402,64.19326,65.84508,68.39668,69.6368,70.50336,66.94020185,71.22098276
        Lebanon,3.413,4.473,4.914,5.183,6.587,8.049,7.882,7.711,9.19452,9.57396,11.05142,11.98134,11.78552,11.73978,10.9481,11.37678,12.57302,12.97606,14.81732,15.36894,15.54516,17.7606,16.90652,17.56142,18.27502,20.02571,20.03368,20.359636,19.48165659,20.56947779
        Oman,4.806,5.483,5.825,6.072,6.394,6.879,7.706,7.908,8.564,9.153,9.711,10.071,10.809,11.889,13.258,13.31698,14.87926,16.75362,18.62986,20.56156,23.51598,24.6666,27.38132,30.79652,32.17832,33.97444,35.46716,36.05002,34.34003977,36.55777031
        Palestinian Territories,--,--,--,--,--,0,0,0,0,0.033,0.14,0.321,0.371,0.47,0.324,0.392,0.4,0.47,0.445,0.535,0.434,0.50396,0.31978,0.4837,0.5083,0.51657,0.398676,0.772816,0.794990567,0.856460299
        Qatar,4.844,5.194,5.465,5.617,6.181,6.456,7.638,8.403,8.586,9.354,10.284,11.291,12.439,13.532,16.055,18.294,20.319,22.709,26.45536,28.8872,32.71078,32.667671,36.478986,39.134566,39.899944,42.959064,45.181584,47.006984,44.65380478,47.50360488
        Saudi Arabia,74.009,82.183,91.019,97.846,101.114,107.546,114.624,112.8,118.62,125.653,133.233,143.82,150.282,165.557,170.548,179.103,191.948,204.057,225.66298,235.07238,271.39272,284.03386,316.27704,337.41106,345.50916,355.52422,363.73466,362.3247,344.4895776,366.6580506
        Syria,7.479,8.143,10.405,14.508,16.369,17.195,20.024,21.583,23.899,25.313,26.487,27.932,30.394,33.088,35.277,36.53016,38.73776,40.83548,43.79074,39.54538,33.16854,23.81366,20.10002,16.95686,17.18962,17.37752,17.14686,16.61308,15.81348854,16.77092781
        United Arab Emirates,16.412,16.523,17.738,23.483,24.978,26.756,31.388,34.899,37.547,40.582,44.045,46.483,49.272,57.056,62.762,74.035,77.065,82.91,88.332,93.22278,99.85,103.4071,109.566,119.755,121.85,126.533,127.92548,129.646,126.5448891,135.62807
        Yemen,1.836,1.928,2.029,2.227,2.194,2.404,2.357,2.571,3.208,3.424,3.543,3.85,4.103,4.482,5.064,5.66538,6.15324,6.33936,7.2917,5.83376,6.65162,7.99594,7.19724,5.92332,4.51942,3.81864,3.30588,3.41492,3.237250194,3.520874206
        Bermuda,0.486,0.487,0.495,0.49,0.494,0.498,0.51,0.55,0.595,0.643681818,0.643,0.624,0.627164,0.652436,0.666401,0.67555,0.685,0.69372,0.686411,0.674,0.658,0.637,0.62,0.634,0.625,0.633,0.602,0.574434,0.545404156,0.580310022
        Canada,505.847,518.405,540.122,544.484,557.591,557.9619,546.056,563.107,588.327,572.26504,583.84304,572.28816,582.3095,606.362,592.531,612.876,614.73,595.05,581.707868,611.421342,612.174504,637.650107,635.978212,638.850534,644.788913,644.58814,635.7934577,627.8128689,623.9828667,625.8546594
        Greenland,0.203,0.237,0.24,0.242,0.243,0.258,0.264,0.448,0.421,0.388,0.382,0.33,0.33582,0.34964,0.38212,0.38824,0.40034,0.4248,0.41426,0.45062,0.43882,0.45014,0.47566,0.51018,0.48066,0.46766,0.51252,0.4987,0.593712054,0.599709626
        Mexico,126.233,131.997312,142.268,148.001,156.488,167.92369,174.023,183.925,194.12156,201.17258,204.74256,202.52702,220.58462,231.36152,236.78452,243.9274,247.07938,245.44672,264.416771,280.24882,284.747529,287.276501,290.184395,297.866957,303.03609,309.142926,332.0100742,318.0778573,325.5056802,336.9582235
        Saint Pierre and Miquelon,0.042,0.04,0.041,0.039,0.039,0.039,0.04,0.04,0.041,0.04,0.047,0.049,0.045,0.04,0.04,0.039,0.041,0.041,0.044,0.044,0.045,0.045,0.0454678,0.04573194,0.04556368,0.0457592,0.04781686,0.04900032,0.051206,0.054483184
        United States,3083.925424,3197.238487,3247.575463,3353.548041,3444.257336,3492.250345,3620.383801,3694.912538,3802.221573,3736.784538,3858.619244,3883.380201,3970.796829,4055.785197,4065.230825,4157.491035,4120.587091,3951.942958,4127.598158,4104.174499,4054.26169,4074.145289,4104.796801,4092.85304,4096.386172,4059.433178,4210.526978,4165.531327,4051.289226,4164.564719
        Antarctica,0,0,0,0,0,0,0,0,0,0,0,0,0,0.002,0.002,0.002,0.002,0.004,0.004,0.004,0.0005,0.0005,0.0005,0.001,0.001,0,0,0,0,0
        Antigua and Barbuda,0.089,0.089,0.091,0.092,0.092,0.093,0.095,0.095,0.141,0.161,0.18,0.198,0.208,0.228,0.243,0.263,0.271,0.308,0.3192,0.3185,0.3105,0.3106,0.3166,0.325355,0.328,0.329142,0.335,0.341,0.327424051,0.35087519
        Argentina,53.439,58.909,60.305,64.671,66.74,69.55,71.231,76.942,85.19206,86.4844,81.12854,88.1259,95.62971,100.68002,111.26409,110.5111,114.49082,116.1281,119.38857,122.62029,128.54358,132.15903,131.55753,137.559162,139.367123,138.361716,139.5190962,132.9748624,138.5618813,146.5655285
        Aruba,0.321,0.499,0.53,0.579,0.603,0.635,0.686,0.694,0.73,0.76,0.775,0.791,0.813,0.855,0.854,0.88,0.859,0.899,0.8901,0.8825,0.867,0.895,0.891,0.921,0.909512,0.928712,0.905712,0.919712,0.880647339,0.9276192
        Barbados,0.509,0.518,0.542,0.579,0.611,0.65,0.672,0.718,0.758,0.796,0.828,0.868,0.896,0.953,0.9764,1.0029,1.011,1.023,0.968,0.989,1.064,0.959,0.969,0.982,1.006,1.01,1.006,1.024,0.996474298,1.070544653
        Belize,0.172,0.188,0.175,0.182,0.186,0.2,0.1922,0.2012,0.1812,0.149941,0.151934,0.175243,0.165784,0.170035,0.228178,0.234203,0.231099,0.25219333,0.4938444,0.42181408,0.4651872,0.448269,0.5014202,0.5386443,0.5298301,0.7540152,0.7870249,0.86802,0.619785428,0.644091695
        Bolivia,2.308,2.379,2.705,2.879,3.096,3.319,3.532,3.747,3.77514,3.85118,4.04638,4.17454,4.36286,4.694,5.080281,5.512107,5.599,5.903,6.44744,6.87794,7.32824,7.6419,8.15146,8.626,8.8478,9.16396,9.41572,9.98369,9.77742,10.58310648
        Brazil,238.84014,249.251122,256.895752,272.19787,287.65529,304.27491,317.81987,329.68948,342.57352,323.16798,340.29716,358.89562,381.18166,395.72128,411.92528,437.18658,454.67754,458.66574,510.78132,527.4028,547.16356,563.49072,581.86588,571.559384,571.40806,581.146911,594.1522795,618.6598027,614.36996,662.5953567
        British Virgin Islands,0.042,0.042,0.042,0.042,0.042,0.042,0.042,0.042,0.04,0.038095238,0.038,0.042,0.042,0.093,0.1,0.104,0.116,0.15,0.185111,0.181361,0.186361,0.186361,0.186729,0.197528,0.199478,0.140208,0.137858,0.138798,0.13186238,0.140269621
        Cayman Islands,0.221,0.237,0.268,0.279,0.281,0.282,0.284,0.31,0.39809,0.42471,0.4481,0.463,0.48563,0.394,0.486,0.546,0.578,0.5974,0.5935,0.594,0.587,0.596,0.605,0.624,0.652,0.663,0.657,0.696,0.6866623,0.731392687
        Chile,21.596,22.546,24.028,28.562,30.747,33.206,34.546,36.845,39.87774,41.15382,42.2807,45.21154,49.35654,50.76676,53.54382,56.31756,57.5186,58.51344,58.340829,63.447266,66.227114,69.937151,69.279874,72.361957,76.727142,77.254402,80.533819,81.2601503,81.0333141,84.7168173
        Colombia,32.771,37.584,40.864,42.702,43.709,44.92,44.712,43.159,42.1767,42.46112,44.07302,45.59368,48.77762,49.34708,52.73612,54.1968,54.95846,55.8536,56.61698,58.91978,60.53512,72.18438,69.060203,76.21638,74.549256,77.467679,79.1815216,78.1485599,77.1529512,80.9048712
        Costa Rica,4.57,4.854,5.154,4.779,4.749,5.575,5.256,6.118,6.84846,6.878,7.41868,7.28558,7.96304,8.15674,8.58502,8.92968,9.36038,9.21194,9.47254,9.70922,10.0552,10.10624,10.10442,10.75052,10.83942,11.26878,11.43403,11.42397,11.74088,12.714574
        Cuba,12.168,11.215,11.472,11.886,12.676,13.461,13.359,13.8381,14.19216,14.44146,14.81986,14.91238,14.748404,14.45186,15.51146,16.597066,16.65738,16.70312,16.38762,16.72778,17.37636,18.16758,18.32572,19.21578,19.38212,19.38768,19.64326,19.52946,18.59934841,19.75129234
        Dominica,0.03,0.03,0.033,0.044,0.042,0.05,0.062,0.071,0.074,0.078,0.071,0.076,0.076,0.0792,0.0812,0.0823,0.0833,0.0889,0.0949,0.0979,0.0974,0.0974,0.098357,0.103357,0.108357,0.083357,0.064178,0.090178,0.163248,0.17109964
        Dominican Republic,3.958,5.189,4.806,5.181,6.263,6.838,7.27,8.564,8.10366,9.77062,11.85888,12.57938,11.1825,12.0464,13.10594,13.68774,11.723,11.6015,13.98806,14.9304,15.79862,16.73036,16.28528,16.91708,18.675,19.014367,19.632464,19.271872,16.628804,17.58281655
        Ecuador,7.001,7.25,8.008,8.181,9.097,9.389,9.883,10.048,10.35582,10.74026,11.55122,11.211717,13.089442,12.16188,13.51784,16.58504,18.26504,17.92904,18.785,19.88524,22.10634,22.4391,23.45076,25.06906,27.14,27.834241,29.026006,32.295413,31.281511,32.339773
        El Salvador,2.026,2.408,2.833,3.263,3.334,3.526,3.712,3.689,3.7261,3.7901,3.9731,4.2651,4.3497,4.7135,5.5981,5.7241,5.9881,5.8481,5.9791,6.0981,6.2661,6.267,6.239,6.006,6.017822,5.478337,5.335974,6.005946,6.262059,6.560065798
        Falkland Islands,0.01,0.01,0.01,0.011,0.011,0.011,0.012,0.012,0.0142,0.0152,0.0152,0.01525,0.01525,0.01525,0.0163,0.0163,0.018,0.018,0.016,0.016,0.017,0.019,0.019,0.0194,0.0213,0.0195,0.0197,0.0201326,0.0201326,0.0201326
        French Guiana,0.418,0.419,0.419,0.423,0.423,0.425,0.426,0.428,0.428,0.585,0.606,0.631,0.655,0.681,0.706,0.901,0.922,1.029,1.104,1.053,ie,ie,ie,ie,ie,ie,ie,ie,ie,ie
        Grenada,0.059,0.061,0.066,0.089,0.095,0.1,0.111,0.119,0.131,0.143,0.149019,0.159214,0.15,0.147307,0.167162,0.178765,0.189925,0.195489,0.203104,0.1987,0.195541,0.193541,0.196541,0.194538,0.205513,0.210285,0.217495,0.2142,0.203587349,0.21722814
        Guadeloupe,0.877,0.9327,0.9817,0.9837,1.091,1.173,1.182,1.185,1.273,1.26,1.218,1.309,1.563,1.573,1.64,1.716,1.699,1.679,1.678,1.695,ie,ie,ie,ie,ie,ie,ie,ie,ie,ie
        Guatemala,2.803,2.926,3.118,3.44801,3.29729,3.39457,4.26113,5.17806,6.02758,5.82818,6.14208,7.64878,6.74742,8.291,8.294,9.022,8.448,8.547,7.9849,8.27566,9.31474,10.06908,10.69666,11.44176,12.03564,12.66915,14.1244,13.809242,13.417763,14.449429
        Guyana,0.219,0.226,0.355,0.539,0.65,0.745,0.804,0.844,0.877,0.91,0.914,0.822,0.858,0.6502,0.6693,0.7044,0.7104,0.7255,0.862248,0.909333,0.955406,0.989489,0.999553,1.040953,1.1014,1.1444,1.1584,1.2194,1.162546515,1.230907892
        Haiti,0.544,0.486,0.416,0.53,0.624,0.553,0.639,0.54,0.52816,0.57234,0.52678,0.5152,0.52678,0.53554,0.54906,0.44716,0.4657,0.68816,0.5604,0.65204,1.04616,1.00006,0.97632,0.98187,1.02451,1.00105,0.99515,1.025,0.914245106,0.990334393
        Honduras,2.358,2.45,2.114,2.266,2.985,3.052,3.306,3.097,3.54554,3.74674,3.9271,4.35346,4.65982,5.392,5.742,6.053,6.282,6.377,6.52178,6.99256,7.48174,7.72656,8.35978,9.37774,9.55712,9.599832,9.902203,11.108461,11.300727,11.96905101
        Jamaica,2.165,3.592,4.523,5.488,5.688,5.893,6.103,6.225,6.22172,6.26434,6.52446,6.72512,6.7951,6.98896,7.0381,5.603,3.995,4.053,3.97172,4.0149,3.92762,3.92436,3.89984,3.90172,4.13046,4.11098,4.169854,4.241992,4.073336786,4.345916157
        Martinique,0.742,0.801,0.849,0.917,0.958,1.013,1.025,1.045,1.048,1.203,1.249,1.301,1.341,1.404,1.46,1.508,1.548,1.589,1.526,1.459,ie,ie,ie,ie,ie,ie,ie,ie,ie,ie
        Montserrat,0.014,0.015,0.015,0.016,0.016,0.017,0.014,0.014,0.011,0.011,0.019,0.02,0.02,0.02,0.02,0.021,0.022,0.022,0.022,0.021,0.021,0.022,0.023,0.02256,0.0188,0.01786,0.01833,0.02256,0.01361,0.01448104
        Netherlands Antilles,0.802,0.855,0.92,0.955,1,0.998,1.056,1.054,1.084,1.059,1.055,1.14,1.167,1.203,1.175,1.21064,1.19748,1.28512,1.252571,1.275451,0.892351,0.88186,0.86944,0.89378,0.8669,0.88182,0.86708,0.87294,0.819014736,0.890575235
        Nicaragua,1.495,1.598,1.6,1.682,1.797,1.765,2.009,2.062,2.1291,2.3402,2.7043,2.6083,2.6993,3.00773,3.09937,2.92762,3.22675,3.5523,3.513,3.66886,3.8947,4.040576,4.35395,4.441065,4.47846,4.399389,4.540872,4.463606,4.417365124,4.624157975
        Panama,2.849,3.151,3.256,3.483,4.114,4.177,3.642,4.376,4.766,4.943,5.147,5.384,5.606,5.665,5.862,6.3276,6.24072,6.73214,7.15098,7.55894,8.35966,8.68386,8.34792,9.35252,9.9875,10.63472,10.64248,10.37908,11.0524,11.20340229
        Paraguay,27.181,31.167,36.071,41.757,44.915,50.4,50.422,51.449,52.969,44.876,47.744,51.26933333,51.417,50.657,53.249,53.191,54.912,54.41,53.52494,57.04994,59.63282,59.90482,54.86764,55.33294,63.30294,59.22988,58.75377,49.07259,46.50896,40.023132
        Peru,12.836,14.505,14.497,16.439,16.939,17.534,18.16,18.633,19.53705,20.42205,21.57805,22.48805,23.84705,25.34005,26.72405,29.14005,32.01605,31.66305,34.27861,37.50145,38.41784,41.64966,43.4642,46.23952,49.83334,52.463094,54.681916,56.561868,52.818457,58.135907
        Puerto Rico,15.445842,16.17872,16.834438,17.407132,17.878994,18.743119,19.212371,20.103944,21.813,22.302,23.175,23.937,24.135,24.9622843,23.837,22.305,20.921,20.7098,20.8958,20.0178,21.203,20.497,20.416,20.415061,20.961866,16.691,16.988629,17.267,17.149,18.24765736
        Saint Kitts and Nevis,0.079,0.065,0.07,0.076,0.077,0.085,0.087,0.092,0.094,0.094,0.103,0.119,0.122,0.125,0.127,0.157,0.167,0.173,0.179,0.189,0.2,0.206,0.20634,0.202674,0.211886,0.21274,0.21374,0.21374,0.203241562,0.215865022
        Saint Lucia,0.143004,0.160206,0.169838,0.18478,0.186151,0.200358,0.221728,0.240823,0.26014,0.269347,0.26857,0.281044,0.290028,0.304197,0.310914,0.324956,0.331195,0.341211,0.358,0.362,0.361796,0.3601,0.35686514,0.35957292,0.36924314,0.37758,0.37843632,0.3500737,0.332542021,0.353622342
        Saint Vincent/Grenadines,0.055,0.06,0.061,0.069,0.073,0.076,0.081,0.081,0.09,0.094,0.097,0.103,0.114,0.125838,0.126961,0.13376264,0.131965,0.132,0.136,0.132,0.132,0.135,0.13400086,0.1388075,0.14485714,0.14199702,0.1425094,0.147,0.156935628,0.164227508
        Suriname,1.726,1.75,1.77,1.594,1.406,1.414,1.421,1.44,1.397,1.416,1.431,1.444,1.457,1.518,1.563,1.563,1.564,1.566,1.68136,1.88639,1.89524,1.91721,1.92423,1.942551,1.908281,1.876011,1.891111,1.958828,1.932095038,2.020408283
        The Bahamas,1.095,1.144,1.201,1.179,1.213,1.282,1.393,1.464,1.565,1.626,1.716,1.81,1.794703,1.8944,1.927583,2.045213,2.05,1.945,1.8895,1.9316,1.7869,1.774,1.809,1.88,1.85,1.870067,2.145067,2.103493,1.997366495,2.124974398
        Trinidad and Tobago,3.739,3.59,3.827,4.051,4.27,4.69,4.86,4.933,5.133,5.307,5.307,6.052,6.046,6.638,6.745,7.22,7.271,7.378,7.9799,8.24592,8.58432,8.93494,8.85792,8.9971,8.85516,8.76492,8.6728,8.63802,8.201788516,8.726318981
        Turks and Caicos Islands,0.026,0.03,0.034,0.037,0.036,0.048,0.05,0.06,0.071,0.075,0.096,0.103,0.11,0.124,0.149,0.171,0.186,0.196,0.196,0.195,0.197,0.196,0.21338,0.22466,0.235,0.226164,0.24258,0.245118,0.256,0.27254
        U.S. Virgin Islands,0.959,0.978,0.994,1.007,1.011,1.015,1.019,1.02,1.025,0.968,0.978,0.978,0.987,0.854698,0.863765,0.870836,0.843568,0.872,0.825,0.79469,0.778801,0.727248,0.700179,0.692274,0.68733,0.52324,0.61,0.619,0.6488,0.6925072
        Uruguay,8.79,7.895,7.592,6.226,6.562,7.075,9.963,7.048,7.494,9.162,9.513,8.53,5.787,7.562,5.467,9.2718,8.51832,8.79468,11.03734,10.37448,10.61276,11.46676,12.85684,13.6016,13.75942,14.25238,14.50816,16.046935,13.5435,15.82352
        Venezuela,65.744,67.579,69.498,71.598,73.745,76.245,78.947,78.777,83.24,87.733,86.646,89.267,96.216,101.385,107.904,111.84176,116.48164,116.703,110.7799,115.06854,118.5113,120.0401,100.35006,119.19668,104.67136,101.203265,97.263875,83.04078,94.23124208,94.74670541
